Titulo,Conteudo,Embeddings
Guia do Usuário - Extrato Bancário,"O que é um Extrato Bancário?

O extrato bancário é um documento emitido pelo banco que registra todas as transações realizadas em uma determinada conta durante um período específico. Ele fornece um registro detalhado de todas as entradas e saídas de dinheiro, incluindo depósitos, saques, transferências, pagamentos de contas e outras operações financeiras.

Como Acessar o Extrato Bancário

Para acessar o extrato bancário da sua conta, siga os passos abaixo:
1. Faça login em sua conta bancária através do aplicativo móvel ou site oficial do banco.
2. Localize a opção de ""Extrato Bancário"" ou ""Histórico de Transações"" no menu principal.
3. Selecione o período de tempo para o qual deseja visualizar o extrato (por exemplo, últimos 30 dias, últimos 3 meses, etc.).
4. Aguarde enquanto o sistema processa as informações e exibe o extrato completo na tela.

Interpretando o Extrato Bancário

Após acessar o extrato bancário, você verá uma lista detalhada de todas as transações realizadas em sua conta durante o período selecionado. Cada transação será acompanhada por informações como a data, hora, descrição da transação, valor e saldo atual da conta após a transação.

Outros Recursos do Extrato Bancário

Além de visualizar suas transações recentes, o extrato bancário também pode oferecer outros recursos, como:
- Opção de exportar o extrato em diferentes formatos, como PDF ou CSV, para facilitar a análise e o controle financeiro.
- Gráficos e resumos que mostram a distribuição de gastos ao longo do tempo ou por categoria.
- Recursos de filtragem e pesquisa para ajudá-lo a encontrar transações específicas com facilidade.","[0.014020274, -0.046171885, -0.031515993, 0.06325575, 0.052357543, -0.002585738, -0.027815325, 0.00627819, -0.025441818, 0.061416686, -0.00090389623, 0.0075365473, 0.0059450986, -0.009322214, -0.032426056, -0.053514455, -0.04524825, 0.023593558, -0.035566587, -0.010542183, -0.039602123, -0.012320208, -0.029615989, -0.012074649, -0.02334416, -0.06267789, 0.015717382, -0.015004387, -0.015457705, 0.034525964, -0.0797929, 0.030801352, -0.010396456, 0.009070975, 0.007910099, -0.029432056, -0.040227696, -0.00054888835, -0.006692015, 0.014020393, 0.011816605, -0.050570425, -0.010817744, 0.028098416, -0.014202896, 0.037644025, 0.080101214, 0.0024373508, 0.034853876, -0.072064124, -0.04029862, -0.029527616, 0.09146813, 0.02175875, -0.012535342, -0.046018407, 0.06817903, -0.018956322, 0.003221551, -0.020023955, 0.002706933, 0.03497132, 0.008753503, 0.06886018, -0.02048092, -0.04121243, 0.0028234895, -0.017565561, 0.028855948, -0.015542453, 0.032199886, -0.04490701, 0.024403248, 0.012399352, -0.023921564, -0.10413155, -0.035782576, 0.06904054, 0.033193037, -0.03720255, 0.03883979, -0.054977953, -0.0043052887, -0.046712242, -0.0030721945, 0.060253795, -0.063844614, -0.035007812, -0.008264997, -0.018118368, -0.022487413, 0.007089499, 0.053110432, -0.016196884, -0.029114833, 0.07088513, -0.06635832, -0.027695313, -0.022517301, -0.038489047, -0.029505238, -0.025441505, -0.027716381, -0.047281083, -0.03839336, 0.032761984, -0.028279064, 0.030591236, 0.012884181, 0.03433176, -0.055552166, -0.025990043, 0.025454955, -0.037114173, 0.066423304, -0.020999257, 0.022969747, 0.06980721, 0.019525863, 0.01945363, -0.012818139, 0.022228478, -0.0051779915, -0.012914901, 0.054923788, 0.01417223, -0.029489594, 0.04152938, 0.09174851, 0.04704018, 0.021402506, -0.020706246, 0.033781458, 0.051134013, 0.07494208, 0.028199596, 0.026881719, 0.029461691, 0.041946605, -0.011688405, 0.016652096, 0.036647726, 0.011011696, 0.013672328, -0.040609866, -0.025381265, 0.01548246, 0.019236976, 0.021479528, -0.018669566, -0.014675357, 0.022502473, -0.021199865, -0.031064091, 0.085404776, 0.03559296, 0.011260552, 0.009531663, 0.018243812, 0.0076052006, 0.022914203, 0.033050355, 0.0034340073, 0.04160697, -0.038239285, -0.037877705, 0.018734869, -0.008580198, 0.019471454, -0.007663318, -0.019442935, 0.013639679, -0.04004698, -0.05147052, -0.01717821, -0.04231843, -0.047534633, 0.009905953, -0.027137127, -0.029632963, -0.017746266, -0.035515834, 0.040356915, 0.055948917, 0.054834697, -0.011986807, 0.015757758, -4.9807244e-05, -0.037738495, 0.022166938, -0.029182466, 0.0067675235, -0.0070918803, -0.031789806, -0.058087382, 0.023918165, -0.0087787565, 0.010649537, -0.01994615, -0.05498745, -0.006101609, 0.027964948, 0.0057027666, -0.03951776, 0.008414381, -0.031954844, 0.019410536, -0.0072230767, -0.052104693, 0.04219426, -0.079640865, 0.009525246, -0.039406773, -0.0511082, -0.017845474, -0.012784143, -0.0062012514, 0.009413161, 0.007115097, -0.02974478, -0.068171084, 0.024798922, -0.008439408, 0.0020106179, -0.034081653, 0.004310726, -0.035490114, 0.047989126, -0.013826497, -0.049300265, 0.05071712, 0.0792398, 0.0097846035, 0.013516669, 0.06573735, -0.034994863, 0.040777657, 0.024872173, -0.017147075, -0.0018926102, -0.021141736, 0.017969497, 0.0018201474, 0.010915144, -0.0416234, -0.04367597, 0.017526943, 0.032064367, -0.018440526, 0.02932384, -0.031661965, -0.016513793, -0.031879805, 0.07558677, -0.027531713, -0.016848812, -0.06308347, 0.008370871, 0.018148035, 0.026254684, 0.049084812, 0.0026881644, 0.016521096, 0.03963396, 0.046909902, -0.008034428, 0.0086577935, -0.07131361, 0.02926011, -0.018454745, 0.058984727, -0.02056714, 0.06525138, 0.036474206, -0.02471857, 0.009458694, -0.02767985, 0.032127097, 0.025077973, -0.08181804, 0.0020615915, 0.026726974, 0.021136101, -0.068272345, -0.01448218, -0.02814713, -0.008001858, -0.03015779, 0.053937748, -0.0399329, -0.037821736, 0.011037847, 0.049763955, 0.004672271, -0.057982057, 0.03646881, -0.010784371, 0.043637194, 0.009134257, 0.021690875, 0.014782572, -0.061889157, 0.010685952, -0.03871024, -0.00862974, -0.012490016, 0.05754996, -0.016875226, 0.0058032316, 0.0381215, 0.073896624, -0.048410185, -0.07120571, 0.004767911, 0.029160753, 0.0377539, 0.0101502845, 0.0019520157, -0.028307866, -0.02092545, 0.03671932, 0.05391457, 0.033557545, -0.02861416, 0.0015223061, 0.03727157, -0.010627103, 0.023942366, 4.309444e-05, 0.03252239, -0.02467126, -0.009033818, -0.0363449, 0.028656771, -0.007432222, 0.027533371, -0.06318624, 0.038522564, -0.0026054753, 0.017425455, -0.010683781, 0.023985956, -0.05223477, -0.071765475, 0.04633293, 0.041719723, -0.020445462, -0.028255787, 0.05988737, 0.059395123, -0.04266448, 0.03917404, -0.0058929487, -0.036716435, -0.006745466, -0.0008960049, 0.053308547, 0.0023818258, 0.070702694, 0.008020264, -0.026560003, 0.047349993, -0.047380693, -0.019976676, 0.023222385, 0.028511912, -0.029111372, 0.030846361, -0.033023257, 0.024776615, 0.04380323, 0.04172166, 0.058479555, 0.0074455193, -0.004599177, -0.04443226, 0.03605445, -0.09229476, -0.010342932, 0.037167426, -0.028121145, -0.048976563, 0.043078545, 0.039675478, -2.047307e-05, 0.0041283756, 0.09905021, 0.039402936, -0.028979149, 0.013964362, -0.041841187, -0.016154729, 0.094382584, -0.030627204, -0.028702551, -0.042933, -0.084263854, -0.033889405, 0.002547921, 0.0021720831, 0.027999027, -0.011197048, -0.043463532, -0.008306378, -0.047426403, 0.046687074, -0.040841326, -0.060191035, -0.027454305, -0.0030493198, -0.019433895, 0.044942934, 0.03313325, -0.070714116, -0.05471262, 0.0072731134, 0.062070537, 0.022458594, 0.001605582, -0.0050717336, 0.027595075, -0.0027636047, -0.032125875, -0.016341452, -0.064764455, -0.052771907, 0.01823716, -0.08783389, 0.020848123, 0.020714236, 0.027773816, -0.028398499, 0.020128924, -0.035962883, -0.0020025375, -0.06312027, 0.012106059, 0.022144202, -0.018420149, -0.043632396, 0.013250199, 0.02416152, 0.009364527, 0.07457571, -0.019272462, -0.02631745, -0.033415675, -0.035921555, 0.013455788, -0.044330604, 0.015779236, -0.045684766, -0.07120476, -0.03649085, 0.010355186, -0.024757069, 0.026853994, 0.0243136, -0.013334279, 0.033650946, -0.022366336, -0.026074894, -0.031655375, -0.0022555578, -0.0014723219, 0.012042528, 0.037867732, 0.0025530173, -0.0009966126, 0.04851767, 0.037189282, -0.035845082, 0.039530378, -0.025185965, -0.013930344, 0.019423211, -0.060217347, 0.020247456, -0.016591527, 0.0040032896, -0.032484144, -0.05898228, 0.059481002, -0.040221438, 0.013107468, -0.010755361, -0.02388413, -0.032629237, 0.043901514, 0.020782031, -0.014150136, -0.028648969, -0.029502384, -0.015835559, 0.019304557, -0.010421304, -0.046521924, 0.050357163, -0.035882376, 0.0070645344, -0.02196518, 0.07145778, 0.035113078, -0.031378675, 0.020163521, -0.026113955, 0.0342157, 0.013611326, -0.023157064, -0.03917372, 0.022473041, -0.0023806898, -0.03509269, -0.020567184, 0.020933876, -0.011922196, -0.023972908, 0.0068635424, 0.0051427414, -0.04022705, 0.056519274, -0.02254924, -0.058916733, 0.00423601, 0.0560814, -0.06178407, 0.01070827, 0.065940894, -0.056163404, 0.045300283, -0.028587427, 0.060734056, -0.08400237, 0.059553802, -0.005852732, -0.024412826, 0.013601804, 0.013967556, 0.059302002, 0.006858333, -0.0029122462, 0.02547561, 0.03743029, 0.035338186, 0.018418591, -0.017874848, -0.0017977663, -0.073612034, 0.0045904, 0.004089638, 0.006445451, -0.019493552, -0.028552793, -0.059390727, 0.022616917, -0.025008041, -0.015957803, 0.03603045, -0.010836132, -0.0035477418, -0.011231307, 0.024933096, -0.024037736, -0.0041511133, 0.061944015, 0.020800777, 0.013605099, -0.035798285, 0.051827654, 0.018036755, 0.0108039975, 0.038905222, 0.0007498471, 0.012083173, -0.01114735, -0.072253406, -0.054327607, -0.0038320716, -0.017294057, -0.017322415, 0.02611329, -0.020607159, -0.014382324, 0.030279124, -0.011134455, 0.010908828, -0.012015305, 0.026743867, 0.03058329, -0.015073435, -0.07431401, 0.056457926, 0.006791725, 0.013286976, 0.015532076, -0.009016362, 0.042976722, -0.042056244, -0.03318679, -0.033382315, -0.0060033496, -0.01156447, 0.094067514, -0.027515681, 0.007988057, 0.041538857, 0.03174728, 0.023247987, 0.017760232, -0.03250188, -0.017354527, -0.009180492, 0.021721562, 0.02775349, -0.005705695, -0.051158648, 0.033761676, 0.0055853594, -0.04830584, -0.04694774, -0.017338933, 0.021445064, 0.002492573, -0.025586858, 0.0037064506, -0.0017269274, -0.011898886, -0.039543863, 0.081741676, 0.005598893, 0.048503444, 0.04796863, -0.04464081, -0.027107941, -0.011634198, -0.012874359, -0.042664655, -0.019457435, 0.03283736, 0.04182159, -0.09897876, 0.06343532, -0.0061665415, -0.053302806, -0.04511384, 0.07842011, -0.036386013, -0.0079082865, -0.05520015, -0.029724564, -0.047334213, -0.032159057, 0.016653853, 0.036069594, 0.018560449, -0.060246587, -0.0001505712, -0.02726357, 0.023547389, 0.05915731, -0.028908726, -0.012948209, 0.056419685, 0.027796047, -0.010329207, 0.0055081802, -0.03659776, -0.0062743817, -0.06812929, 0.042099927, -0.06815344, 0.0499764, 0.07068806, -0.013698327, 0.07284088, 0.010188708, -0.022593107, 0.03744408, 0.0464007, 0.008280171, -0.036633, -0.008165233, -0.009008423, -0.0024597505, -0.018782288, 0.037481535, 0.020429894, -0.019587252, 0.008937908, -0.013873798, -0.024928326, -0.03938192, 0.017793737, -0.020286161, 0.010784993, 0.027190004, -0.032010175, -0.022953952, 0.010957592, 0.020683872, -0.023421424, -0.06266601, 0.014798028, 0.03748497, -0.035270873, -0.029264519, 0.02903861, 0.04776801, 0.00078580296, 0.04332057, 0.02651254, -0.025101, -0.053959347, 0.022192638, -0.014327327, -0.037353177, -0.034738388, 0.015553666, -0.004501523, 0.050460048, 0.03107531, 0.00681942, 0.029251106, -0.057826903, 0.02568456, 0.035296194, -0.033886284, 0.06632402, -0.006197812, -0.0018472768, 0.08262776, -0.014806675, -0.038736943, 0.019562008, -0.010933478, 0.007870856, -0.04737673, -0.010564098, -0.07923264, -0.048528925, -0.065772325, -0.024312465, -0.018558757, 0.020954562, -0.016293202, -0.035232864, -0.0024401783, -0.027128633, -0.03739463, -0.076677255, -0.032683693, -0.0032408526, 0.043580037, -0.012816292, 0.059747193, -0.011724549, -0.0057360907, -0.027849266, 0.040946286, -0.024636934, 0.024915023, 0.014078905, -0.011990328, 0.030124241, 0.017138695, 0.0153273, -0.035087794, 0.0022166923]"
Guia do Usuário - PIX,"O que é um PIX?

O PIX é um sistema de pagamentos instantâneos criado pelo Banco Central do Brasil que permite a transferência de dinheiro entre pessoas, empresas e governos de forma rápida e segura, a qualquer hora do dia, incluindo finais de semana e feriados. Com o PIX, as transações são concluídas em poucos segundos, proporcionando mais comodidade e praticidade aos usuários.

Passo a Passo de Como Fazer o PIX

Para realizar um PIX, siga atentamente os seguintes passos:
1. Acesse a área do PIX em nosso aplicativo ou plataforma online.
2. Selecione a opção para quem deseja enviar o PIX, escolhendo entre os contatos cadastrados ou adicionando um novo contato PIX.
3. Insira o valor que deseja transferir.
4. Confira todas as informações inseridas e clique em confirmar para efetivar a transação.
5. Aguarde a emissão do comprovante de transferência, que será disponibilizado imediatamente após a conclusão da operação.

Com esses passos simples, você poderá realizar suas transferências de forma rápida e segura utilizando o PIX.

Passo a Passo de Como Criar uma Chave PIX

A chave PIX é uma identificação vinculada à sua conta bancária que facilita o recebimento de transferências através do PIX. Para criar sua chave PIX, siga os passos abaixo:
1. Acesse a área do PIX em nosso aplicativo ou plataforma online.
2. Selecione a opção ""Criar Chave PIX"".
3. Escolha o tipo de chave que deseja cadastrar: CPF/CNPJ, número de telefone celular, e-mail ou uma chave aleatória.
4. Insira os dados solicitados conforme o tipo de chave escolhida.
5. Confirme as informações e finalize o cadastro.

Após seguir esses passos, sua chave PIX estará cadastrada e pronta para receber transferências instantâneas de forma ágil e segura.

Outros Tópicos Relevantes

Além dos procedimentos acima, é importante ressaltar que o PIX também pode ser utilizado para pagamentos em estabelecimentos comerciais, tanto em lojas físicas quanto online, proporcionando uma alternativa rápida e conveniente aos métodos tradicionais de pagamento.

Além disso, o PIX oferece a possibilidade de agendamento de pagamentos, permitindo que você programe suas transferências para datas futuras, facilitando o planejamento financeiro.","[0.034515746, -0.035902984, -0.049158365, 0.02447017, 0.041997828, 0.030815762, -0.044188604, 0.015142034, -0.014830711, 0.076014414, 0.031893987, -0.010260959, -0.011902611, -0.03935632, 0.019487152, -0.003910732, -0.0107202055, 0.0024629922, 0.012527727, -0.0476305, -0.0139706675, -0.025447927, 0.00052987115, -0.04344974, -0.0042390535, -0.03090259, -0.016201148, -0.060105372, -0.03579485, 0.035836283, -0.076539844, -0.0027134249, -0.017094335, 0.0033064655, -0.0042367727, -0.07300244, 0.01312126, -0.037517484, -0.024367534, 0.068926595, 2.0356772e-05, -0.020099774, -0.017460506, -0.004939493, 0.00096520287, -0.005294471, 0.058159906, 0.0071241157, 0.029471444, -0.07665149, 0.047811445, 0.002914961, 0.12635505, 0.030415902, 0.003483368, -0.017339181, 0.05888245, 0.0036582751, -0.02579599, -0.026598044, -0.00094902416, 0.025511269, 0.066581756, 0.050577305, -0.014947862, -0.04368875, -0.042747382, 0.011551695, 0.03443615, 0.007303808, 0.03718582, -0.057145916, 0.027375303, -0.012078541, -0.022688512, -0.05194781, -0.005660709, 0.03654888, 0.009989165, 0.0018174399, -0.009920959, -0.06335421, -0.02158268, -0.062122602, -0.03379548, 0.02774649, -0.08630812, -0.07250361, 0.05961249, -0.0004620712, -0.018757978, -0.001102161, 0.043035023, -0.05852827, 0.0018399246, 0.08419117, -0.06309197, -0.0854036, -0.02945034, -0.051224723, 0.014086674, -0.003530445, -0.034685515, -0.050785568, 0.007819527, 0.005869285, -0.01888941, 0.021166274, 0.017566722, 0.05373622, -0.08578167, -0.04514807, 0.017559139, -0.018092567, 0.04300833, 0.030069044, -0.010357172, 0.12267666, 0.06298685, 0.009123215, -0.03440948, 0.03425709, 0.012797042, -0.023007978, -0.018342398, 0.008792847, -0.02478307, 0.02309057, 0.070098214, 0.0036917038, -0.007962594, 0.001525415, 0.008190461, 0.0062070563, 0.051170282, 0.046850543, 0.06993584, 0.04283812, 0.023028681, 0.0056278147, 0.010058386, 0.009341789, 0.046158966, 0.003224288, 0.008374486, -0.015022126, 0.021534977, 0.007603147, 0.024578033, -0.017916633, 0.00883718, -0.02076589, -0.0021909587, 0.012559236, 0.099939905, -0.0064037656, 0.005002787, -0.0009860728, 0.021767918, 0.05926936, 0.034825794, 0.013208496, -0.025700293, -0.015284153, -0.009043938, -0.043046754, 0.020380938, -0.002374336, 0.0010572912, 0.008662927, 0.018266542, 0.055672076, -0.006219959, -0.07760418, -0.014145149, -0.07593409, 0.011692038, 0.010700147, 0.009782488, -0.020706091, -0.007876386, -0.018168291, -0.012045701, 0.023445578, 0.067289226, -0.04434823, 0.035908222, -0.041132536, -0.017025093, 0.02749772, -0.025347192, 0.002483533, -0.00013189869, -0.0030731957, -0.008365793, 0.018897291, 0.021914795, 0.012770491, 0.011384362, -0.034979317, -0.011368457, 0.063650094, -0.00039450804, -0.010035358, 0.03247568, -0.04389133, 0.047483914, -0.005879433, -0.06708924, 0.05757896, -0.08418497, -0.0076942947, -0.028396346, 0.012550338, 0.023973182, 0.03942094, 0.03267563, -0.026721667, 0.030117344, -0.03132197, -0.06640183, -0.012250216, 0.006031536, 0.031219648, -0.021837115, -0.015930906, -0.0102548925, 0.0059227976, -0.00926389, -0.041361503, -0.0025499174, 0.03669503, 0.014640589, 0.0019107411, 0.06601296, -0.027805159, 0.014569257, 0.052411266, -0.008060881, 0.02536355, -0.011173238, 0.036313962, 0.08082659, 0.019831004, -0.07301823, 0.005944219, -0.0015045862, 0.03364458, -0.02408497, 0.03654241, -0.045296825, 0.00225542, -0.034489173, 0.05874765, 0.024933916, -0.015478267, -0.03693009, -0.009144889, 0.045089822, 0.02024998, 0.032139245, 0.05413269, -0.03241971, -0.037740394, 0.033513542, -0.006130993, -0.019350696, -0.03468359, 0.010633389, 0.026563596, 0.042141546, -0.006987564, 0.028328035, 0.014563821, -0.030778684, 0.008832728, -0.021063222, 0.02122868, 0.07230465, -0.04785585, 0.008612368, -0.02833701, -0.0011485658, -0.005420503, -0.0220158, -0.033250794, -0.08346091, -0.026037602, 0.062275607, -0.03599744, -0.04297011, 0.033639815, 0.0054869764, -0.057708275, -0.054978363, 0.032162223, -0.009133304, 0.062518574, -0.039116677, -0.022262026, 0.022264102, -0.045001354, -0.024979874, -0.05924335, 0.028451366, 0.0037369574, 0.011418371, -0.02471406, 0.059145547, 0.095339336, 0.07031633, -0.008974838, -0.07390117, 0.027690444, 0.03684725, 0.021266118, -0.012089862, 0.002231589, -0.04216334, 0.038971886, 0.026031807, 0.06372686, 0.0072112815, -0.0144904535, 0.0162066, 0.013976982, -0.010182713, 0.0029986438, -0.004134526, 0.0012742067, -0.012880556, -0.041601162, -0.06644582, 0.015801208, 0.051568657, 0.032145157, -0.04088124, -0.007623944, -0.024977531, 0.008333254, -0.021566194, 0.0049443953, -0.019363029, -0.048940893, 0.04038322, 0.026382996, -0.017649235, -0.019800939, 0.057078443, 0.031148093, -0.04767097, 0.0669229, -0.008926493, 0.025156094, -0.004130783, -0.029592525, 0.030768346, -0.011491114, 0.05569627, -0.04155787, -0.034367014, 0.036721483, -0.020713612, 0.004459487, 0.025718316, 0.03521454, -0.05149092, 0.008482469, -0.024235036, 0.04728124, 0.025518874, 0.0008643044, 0.034813784, -0.04000125, -0.012491326, -0.016345343, 0.0040876074, -0.05101838, 0.02372846, 0.0024357983, -0.021203786, -0.036017623, 0.06994229, 0.010380718, 0.003133292, -0.0195109, 0.104307815, 0.07286321, 0.010644847, 0.040595334, -0.040569447, -0.0089043155, 0.06596021, 0.0015290476, -0.011936994, 0.00930095, -0.038816087, 0.0038218435, 0.012261603, -0.04621161, -0.029190127, -0.0071606874, -0.029790072, -0.01108781, -0.01749847, 0.0020137185, -0.043650765, -0.095646925, -0.030912077, -0.030539656, -0.010902177, 0.015052563, 0.010458622, -0.059619606, -0.025708722, -0.025291583, 0.01190801, -0.0014174781, 0.008053861, 0.01501357, 0.022807656, 0.008604804, -0.04718388, 0.016572384, -0.03348415, -0.06418025, -0.005485576, -0.05491832, 0.023919364, 0.040861975, 0.02883768, 0.002542696, 0.032895666, -0.0306069, 0.014171788, -0.044459123, -0.01499498, 0.009912877, -0.015461724, -0.02015734, 0.00995833, 0.034136675, 0.03451297, 0.031311274, -0.054988973, -0.06838233, -0.020283423, -0.023328485, 0.026688656, -0.057752956, -0.02350139, -0.06870719, -0.027315795, -0.06653056, -0.037417807, -0.043152537, 0.01772553, 0.02443955, -0.054950867, -0.010950211, -0.04408418, -0.02196739, -0.058906488, -0.0072643436, 0.021722086, 0.032016125, 0.014261787, -8.9518144e-05, 0.0040990002, 0.042759668, 0.02774563, -0.030052377, 0.014741321, -0.041800693, 0.0053685266, 0.045094375, -0.05303843, 0.0021593894, -0.03291732, -0.015597997, -0.04261238, -0.026513526, 0.055451702, -0.056705747, 0.016064603, 0.004602626, 0.020137027, -0.01844947, 0.08835828, 0.0045354953, -0.0046784156, -0.051060546, -0.025877936, -0.062388506, 0.025934946, 0.0121615315, -0.03241745, 0.013861183, -0.02518298, 0.015397504, -0.025408575, 0.043374237, 0.024463909, -0.007847744, -0.0074651977, -0.068732105, 0.0014090216, 0.022954145, 0.0060815685, -0.008353654, 0.018642627, 0.009291477, 0.029303947, -0.036575947, 0.041488584, -0.05509327, 0.0065657296, -0.023272451, 0.025172781, 0.021510642, 0.029421544, -0.021152271, -0.044981424, -0.01651293, 0.04490446, -0.042438876, -0.021741053, 0.049667858, -0.053060163, 0.033068977, -0.013622997, 0.0799441, -0.042725742, 0.011439142, 0.02239698, 0.004456222, 0.024165893, 0.03816087, -0.008225358, 0.0025325671, -0.0026394406, 0.008982344, 0.049747437, 0.0265305, 0.01039734, 0.014310214, -0.02654067, -0.03492096, -0.017175592, -0.0015597872, 0.029025307, -0.0006559265, 0.021272274, -0.034471937, 0.038487665, 0.023077581, -0.009475927, 0.021225855, 0.025372997, -0.01923396, 0.010184952, 0.026144559, -0.023125742, 0.035276167, 0.1042614, 0.0405269, -0.022111481, 0.01033202, 0.024199903, 0.013780796, 0.01721447, 0.02755118, 0.02681825, 0.05024098, 0.011341705, -0.043848783, -0.06777751, -0.010009784, 0.010653444, -0.0077727083, 0.015065602, -0.020018538, -0.016818296, 0.034209818, -0.028153637, -0.005599706, -0.013186413, 0.031938504, 0.027912294, -0.006599104, -0.065223806, 0.03163554, -0.020196851, -0.0066404943, -0.041259967, 0.009523053, 0.023220649, -0.017144743, -0.02392578, -0.013787043, 0.0006167989, -0.0067244745, 0.06437797, -0.010917689, 0.023368465, 0.027043797, 0.025804708, 0.023789546, -0.033786964, 0.0026040243, -0.031008346, -0.022666724, 0.02101481, -0.050929084, -0.032521855, -0.017812217, 0.03360971, 0.0064366446, -0.02735534, -0.0078189755, 9.893604e-05, -0.004732103, -0.0076235766, -0.020206451, 0.014956879, -0.036283813, -0.044956047, -0.08088887, 0.08492279, 0.045517493, 0.024070624, 0.047367916, -0.022853725, -0.026863981, -0.0037095495, -0.033782553, -0.05136031, 0.041658387, 0.03451387, 0.038672872, -0.10108779, 0.03960313, 0.016740467, -0.019689228, -0.032473985, 0.08972556, -0.015459813, -0.05248635, -0.059221093, -0.035520382, -0.016084077, -0.01408356, -0.026965067, 0.026388101, 0.04544488, -0.0031400325, -0.056631118, -0.026015265, 0.052909937, -0.013546163, -0.034965232, 0.01738787, 0.0071216915, 0.01070872, -0.044998348, 0.032269962, -0.022007564, -0.05940966, -0.050815094, 0.024991121, -0.04379457, 0.050044518, 0.02761044, -0.033276003, 0.058725145, 0.044175684, -0.036805928, 0.0489983, 0.029359622, -0.024885267, -0.029408654, -0.028902838, -0.018479558, -0.05088423, -0.04161624, 0.03573747, 0.013463495, -0.06275249, 0.00396569, -0.018533811, -0.00402111, -0.029712034, 0.011035308, -0.02465373, 0.055344503, -0.007743302, -0.023775747, 0.019778585, -0.0085747875, 0.040759075, -0.009391295, -0.049148053, 0.012803102, 0.00860796, -0.024318894, -0.011135065, -0.0032595373, 0.027407734, 0.03750061, 0.06573688, 0.028836172, -0.041441515, -0.010699512, 0.039396536, 0.027991466, -0.04348071, -0.010906881, 0.0019900377, -0.0015505111, 0.05937008, 0.0628148, 0.041654658, 0.0172525, -0.029672986, -0.031858, -0.0034989703, -0.020896021, 0.06804549, -0.037706137, 0.036611483, 0.09425728, -0.009344531, -0.04676155, 0.029516237, -0.052577756, -0.0043200026, -0.05730396, 0.0044944794, -0.0554621, -0.08555365, -0.028386757, -0.005805574, -0.037648, 0.06644764, 0.012182761, -0.036292814, -0.009472658, -0.020646788, -0.017552534, -0.038514603, -0.06786338, -0.030902287, 0.015954807, 0.0055622226, 0.08972466, 0.014541012, -0.03516833, -0.042240493, 0.022851741, -0.020534758, -0.005676341, 0.006732706, 0.015372606, 0.021748424, 0.053546023, 0.055021852, -0.0018246481, 0.020477438]"
Guia do Usuário - Saldo da Conta,"O que é o Saldo da Conta?

O saldo da conta é o valor atual disponível em sua conta bancária, levando em consideração todas as transações pendentes, depósitos, saques, transferências e outras movimentações financeiras. Ele representa o montante total de fundos que você tem disponível para uso em sua conta em um determinado momento.

Como Verificar o Saldo da Conta

Para verificar o saldo atual de sua conta bancária, siga os passos abaixo:
1. Faça login em sua conta bancária através do aplicativo móvel ou site oficial do banco.
2. Na página inicial ou no menu principal, localize a opção que se refere ao saldo da conta.
3. Clique ou toque nessa opção para acessar as informações do saldo.
4. Aguarde enquanto o sistema processa as informações e exibe o saldo atual da conta na tela.

Interpretando o Saldo da Conta

O saldo da conta exibido reflete o valor disponível para uso em sua conta no momento da consulta. Ele leva em consideração todos os depósitos, créditos, débitos e transações pendentes que afetam o saldo total da conta. É importante lembrar que o saldo da conta pode variar ao longo do tempo conforme novas transações são processadas.

Outros Recursos Relacionados ao Saldo da Conta

Além de simplesmente visualizar o saldo da conta, alguns bancos podem oferecer recursos adicionais relacionados a ele, como:
- Alertas de saldo baixo ou saldo negativo para ajudá-lo a gerenciar suas finanças e evitar taxas desnecessárias.
- Histórico de saldo, que mostra a evolução do saldo da conta ao longo do tempo, permitindo uma análise mais detalhada de suas finanças.
- Opções para transferir fundos entre contas ou realizar depósitos para aumentar o saldo disponível.","[0.028129814, -0.04413471, -0.017739931, 0.018044516, 0.06967075, 0.021187587, 0.012309156, -0.015863955, -0.00033442947, 0.050002776, -0.007816919, 0.0101478165, 0.006677123, 0.0050607026, -0.024091119, -0.029504918, 0.008449011, -0.005329536, -0.00020341868, 0.003039685, 0.002594696, -0.025617668, -0.041304674, -0.0019252226, -0.016989704, -0.034640808, 0.0004189804, -0.018147938, -0.030291555, 0.007405504, -0.08319116, 0.030444166, -0.02790564, 0.002364318, 0.019072853, -0.04439952, -0.033145994, 0.0436664, 0.023758084, 0.043565866, 0.0033260863, -0.0057306997, 0.005620712, -0.006414228, -0.030836979, 0.032530673, 0.046434153, -0.028427178, 0.007588233, -0.088606656, -0.021600625, 0.0064764456, 0.1084391, 0.032486778, 0.00982948, 0.011115821, 0.06263698, -0.008153165, 0.003565024, -0.0029279226, 0.009706275, 0.04476962, 0.042026956, 0.08234355, -0.018252408, -0.038981304, -0.013939422, 0.0005380535, 0.033070434, 0.013301726, 0.03164693, -0.040636014, 0.04293369, 0.02191161, -0.0038641132, -0.09116144, -0.07276909, 0.06564483, 0.035726763, -0.025263706, 0.022072354, -0.0692699, 0.0035357026, -0.06920036, -0.02569381, 0.07014088, -0.05827731, 0.011746151, -0.022401344, 0.0031972395, -0.022516793, -0.028429564, 0.046893828, -0.034628157, -0.024815734, 0.08199018, -0.06093925, -0.031351592, -0.04296849, -0.022458117, -0.052886825, 0.010448349, -0.02147648, -0.029659232, -0.03671461, 0.024119623, -0.0111584645, 0.021018732, 0.009616808, 0.029605044, -0.03540831, -0.025717862, 0.009455123, -0.03972258, 0.06661575, -0.0058783824, -0.0009807618, 0.056905787, 0.024039168, 0.010309785, 0.0037225515, 0.018889787, -0.0022304035, -0.0040675444, 0.033639982, 0.002613602, -0.03200019, 0.04000901, 0.039730255, 0.039308704, 0.008278966, -0.022178829, 0.00938994, 0.06660023, 0.05156851, 0.018033078, 0.055140447, 0.00414129, -0.0008989723, -0.013781742, -0.017876828, 0.05702492, -0.009275043, 0.035060186, -0.023225375, -0.049146164, 0.024618844, -0.014228042, 0.03240538, 0.018796323, -0.014766513, 0.009823617, -0.016271256, -0.053864393, 0.09914255, 0.037839577, 0.013215052, -0.00080638716, 0.03467163, 0.022392754, 0.05600642, 0.05146078, -0.029921696, 0.012737201, -0.030563, -0.09279194, 0.039174013, 0.0004209922, 0.013185502, 0.014449072, 0.009192428, 0.0350126, -0.024147024, -0.03061326, -0.009334684, -0.03448825, -0.04057148, 0.034891035, -0.02523209, -0.004749044, 0.0035645058, 0.025295384, 0.011495835, 0.018019235, 0.032112103, -0.0091462, 0.018327462, -0.011984705, -0.017535908, 0.017211832, -0.03459944, -0.023100888, -0.0036827207, -0.0039585964, -0.03841195, 0.050820455, 0.019742856, 0.025670344, 0.0038256494, -0.055663522, -0.04270219, 0.042688847, -0.03127465, -0.028713375, 0.061068505, -0.0050511314, 0.041222908, -0.004883322, -0.033466484, 0.02616595, -0.04159148, -0.0057544163, -0.04979325, -0.020620067, -0.019836772, -0.004957603, 0.00016163781, 0.010004368, 0.03306703, -0.023165919, -0.10212504, 0.04660521, -0.016090384, 0.0070416713, -0.046015326, 0.04495825, -0.013376089, 0.06154985, -0.04106728, -0.053470872, 0.044430934, 0.07695131, 0.040340077, 0.030323101, 0.085877836, -0.036171153, 0.05511745, -0.008762851, -0.023918549, -0.007317929, -0.02303442, 0.02131384, 0.016385347, 0.01052053, -0.07814282, -0.06339247, 0.02576638, 0.059765294, -0.014633695, 0.025158836, -0.03073585, -0.038605154, -0.0044964715, 0.045425475, -0.03286094, -0.049388565, -0.057114474, 0.008639652, 0.033399656, 0.031526167, 0.03741812, 0.0345314, 0.0011386524, 0.02954997, 0.03262895, 0.00835852, 0.010371908, -0.065136135, 0.059566855, 0.01003347, 0.04645269, 0.0052392534, 0.05315593, -0.011980957, -0.0009494925, 0.013561762, -0.030060934, 0.026029931, 0.009636695, -0.07059483, 0.005648764, 0.020238489, 0.02196454, -0.02070002, 0.018041281, 0.0047494615, -0.017563302, -0.046112668, 0.06791182, -0.030580172, -0.038310673, 0.012762285, 0.034021117, 0.008646389, -0.059295423, 0.010123717, 0.022729123, 0.023978326, 0.01076194, 0.018369569, 0.027822759, -0.054921824, 0.017871197, -0.05411229, 0.00908598, 0.004815683, 0.030075815, 0.0047526374, 0.0031504259, 0.043167744, 0.041438237, -0.05264294, -0.08204062, -0.0068934653, 0.023562104, 0.045878198, 0.013449443, 0.02253338, -0.06120222, 0.0121038705, 0.024860097, 0.039839678, 0.01564095, 0.0066319546, 0.031225547, 0.0056186374, -0.027914802, 0.0054816846, -0.017990006, 0.019027509, -0.022207784, -0.045849893, -0.05382905, 0.033776067, 0.011009298, 0.036188934, -0.04483604, 0.029397, 0.011509486, 0.0310957, 0.021566728, 0.0030648333, -0.02058944, -0.05343989, 0.031659313, 0.029873865, -0.030644435, -0.031904954, 0.07418629, 0.046037406, -0.04331491, 0.053395897, -0.009629157, -0.019483304, 0.011001331, -0.050424192, 0.06808816, -0.048013274, 0.042201355, -0.0002751602, -0.03528675, 0.07032342, -0.038106643, -0.012526715, -0.0025244837, 0.0046983236, -0.022684665, 0.006010828, -0.03928194, 0.009351137, 0.04281829, -0.022162406, 0.057915855, 0.012477781, -0.022387875, -0.027284639, 0.010179847, -0.053456586, 0.014658842, 0.040459983, -0.050285503, -0.04707538, 0.07220807, 0.010647845, -0.008268705, 0.023412809, 0.06059351, 0.046022058, -0.025247414, 0.012499111, -0.028920688, 0.011038095, 0.10373189, 0.038231954, -0.041647285, -0.012266317, -0.045892823, -0.03401011, 0.041399892, 0.00561135, 0.02580993, -0.016234169, -0.05484354, -0.05087521, -0.040226944, 0.0017132792, -0.030536165, -0.060828626, -0.027020926, -0.0054341215, -0.004464472, 0.048512373, 0.022730067, -0.031214098, -0.0719444, -0.006659318, 0.04841716, 0.01118044, -0.017559066, -0.017067822, -0.017562483, 0.008236312, -0.04009751, 0.006551745, -0.028207386, 0.008613218, -0.006210791, -0.017397288, 0.026701473, 0.01404293, 0.06106891, -0.010577998, 0.031923406, -0.04511787, 0.030786105, -0.041536555, -0.010311255, 0.036462184, -0.01929989, -0.026208024, 0.0110806655, 0.045502577, 0.026720073, 0.059198663, -0.026622359, -0.06586163, -0.023628661, -0.0126386, -0.0017800957, -0.013608535, 0.025541058, -0.030654732, -0.07841581, -0.049713306, -0.017433636, -0.0022821329, 0.010071339, 0.041268308, -0.03521807, 0.01806915, -0.004544909, -0.048614666, -0.024628336, 0.019676749, 0.0192248, 0.028426133, 0.020205133, 0.013062924, -0.0016561924, 0.05987783, 0.055582866, -0.051826485, 0.039590437, -0.020995835, 0.0042746156, 0.010008719, -0.058220897, 0.019570144, -0.05558507, 0.003388739, -0.011147497, -0.047014467, 0.047147058, -0.0049819835, 0.02759537, 0.006023532, 0.005140681, -0.033854667, 0.042743545, 0.06376236, -0.02852375, -0.028097862, -0.021426553, -0.045852236, 0.008490547, 0.011522314, -0.072687835, 0.028111747, -0.008877354, 0.009134918, -0.058963835, 0.050580006, 0.04686966, -0.012988608, -0.0024120007, -0.041265495, 0.015905974, 0.02276902, -0.037261285, -0.017584901, -0.006851338, 0.006162544, -0.051921383, 0.0071012056, 0.03258882, -0.02441052, -0.013724206, 0.023421671, -0.0037280647, -0.011681439, -0.0055940426, 0.009780444, -0.06859158, -0.003712774, 0.051881324, -0.02715995, -0.0030293646, 0.02827927, -0.055559482, 0.055566918, -0.021445626, 0.08387314, -0.023823058, 0.03727808, -0.038006533, -0.0058990656, -0.012609444, 0.06568138, 0.042085513, 0.0023428942, -0.0076520643, 0.01333183, 0.039059464, 0.032063473, -0.0032222515, -0.040864002, -0.013396261, -0.029569278, 0.037376884, -0.029387088, -0.014830059, -0.037920833, -0.021187017, -0.043318544, 0.024174727, -0.015401601, -0.0060063167, 0.035333373, -0.012145884, -0.016832927, -0.009064173, 0.025789982, 0.0007916377, 0.028773624, 0.0641964, 0.031312592, -0.022661937, -0.022587324, 0.051930502, -0.043742474, 0.018256666, 0.05557547, -0.006389462, 0.018022534, 0.007332434, -0.03365199, -0.050195906, 0.0049869576, -0.03480345, -0.001958982, 0.0012253119, -0.041241337, 0.0063501354, 0.014697289, -0.02641907, 0.021413382, 0.024142068, 0.016849516, 0.042811636, 0.0024288578, -0.079348326, 0.08042298, 0.018762447, 0.021298843, 0.001134693, -0.015691388, 0.0001847002, -0.072241694, -0.02263459, -0.025282145, -0.015489492, -0.005762146, 0.10423099, -0.0028919089, -0.0027221767, 0.07859396, 0.005486916, 0.051305227, 0.03850454, -0.054938667, -0.018796252, -0.0036472825, 0.027487215, 0.013129802, -0.028849171, -0.020578325, 0.03062781, 0.02991055, -0.05315833, -0.018272838, -0.018809706, 0.059673604, -0.0065114773, -0.02884043, 0.0013842458, 0.009839955, 0.026634922, -0.011074369, 0.09838538, 0.013673224, 0.030240277, 0.04308704, -0.029017411, -0.016688395, -0.011898308, -0.0045958376, -0.05812429, -0.008996767, 0.041838083, 0.05083246, -0.108052015, 0.022162328, -0.005183272, -0.04561442, -0.037547845, 0.09673724, -0.04114691, -0.021093113, -0.044505928, -0.054552943, -0.056577124, -0.011117758, 0.028615253, 0.025723863, 0.011251532, -0.029454052, 0.02100812, -0.02337384, 0.0521825, 0.060207073, -0.030180754, 0.020759035, 0.054412354, 0.009850249, -0.009365369, 0.026595837, -0.087425776, -0.00640825, -0.033211473, 0.027609799, -0.08053504, 0.042466052, 0.052501567, -0.020278886, 0.044523362, 0.015689809, -0.01970148, 0.045217212, 0.026708001, -0.001975422, -0.034264416, -0.039692618, -0.0051058023, -0.006328384, -0.072949216, 0.0358382, -0.0169365, -0.0065407464, -0.03894534, -0.012184735, 0.0011829982, -0.025160434, 0.05012478, -0.0013521115, 0.025615131, 0.047052775, -0.03118176, -0.023946628, -0.014565075, 0.006747161, 0.015772691, -0.023781795, 0.011360849, 0.036185227, -0.031626567, -0.03737959, 0.0099994475, 0.02325224, 0.013063535, 0.07923802, 0.0011244767, -0.039960917, -0.057369422, 0.045377925, 0.011784856, -0.04755909, -0.008576964, 0.03287511, -0.0077418867, 0.05134901, 0.015443728, 0.01592681, 0.0010397501, -0.032365564, -0.025085026, 0.06296892, -0.032409616, 0.060864333, -0.017707964, 0.0031686318, 0.082558565, 0.0065424787, -0.026061803, -0.0020713634, -0.032512713, 0.016408557, -0.036778573, -0.024533814, -0.07055884, -0.07557234, -0.055248544, 0.011128579, -0.051731933, 0.018564418, -0.001399195, -0.023368644, -0.027811237, -0.005991985, -0.02806732, -0.07107879, -0.046653565, -0.017466396, 0.058019366, -0.013640598, 0.053449105, -0.040146425, 0.022896722, -0.0024529623, 0.050688587, -0.0401275, -0.009483981, -0.015645916, -0.019535884, 0.025708094, 0.025152234, 0.06907374, -0.021692844, 0.015604649]"
